Table 2: AD risk/protective causal genes,,,
Number,Gene,Source,Location (hg38)
1,ABCA7,GVC,"chr19:1,039,997-1,065,572"
2,ABI3,GVC,"chr17:49,210,411-49,223,225"
3,APOE,GVC,"chr19:44,905,791-44,909,393"
4,APP,GVC,"chr21:25,880,550-26,171,128"
5,APBB3,Novikova,"chr5:140,558,268-140,564,781"
6,BIN1,GVC/Novikova,"chr2:127,048,023-127,107,288"
7,EPHA1,GVC,"chr7:143,390,289-143,408,856"
8,CASP7,GVC,"chr10:113,679,162-113,730,909"
9,CR1,GVC,"chr1:207,496,147-207,641,765"
10,MS4A6A,Novikova,"chr11:60,171,607-60,184,666"
11,PILRA,Novikova,"chr7:100,367,530-100,400,096"
12,PLCG2,GVC,"chr16:81,739,097-81,962,685"
13,PSEN1,GVC,"chr14:73,136,417-73,223,691"
14,PSEN2,GVC,"chr1:226,870,184-226,927,726"
15,ADAM10,GVC,"chr15:58,588,809-58,749,791"
16,RIN3,Novikova,"chr14:92,513,781-92,688,994"
17,SORL1,GVC,"chr11:121,452,314-121,633,763"
18,SPI1,GVC/Novikova,"chr11:47,354,860-47,395,607"
19,TREM2,GVC,"chr6:41,158,506-41,163,186"
20,PICALM,GVC,"chr11:85,957,175-86,069,882"